path	bytes
apps/android/docs/evidence/architecture-summary.txt	75
apps/android/docs/evidence/build-summary.txt	590
apps/android/docs/evidence/catalog/build-summary.txt	321
apps/android/docs/evidence/catalog/final-instrument.txt	204
apps/android/docs/evidence/catalog/fixture-catalog-applied.png	159035
apps/android/docs/evidence/catalog/fixture-catalog-discovery.png	101719
apps/android/docs/evidence/catalog/fixture-catalog-empty.png	58031
apps/android/docs/evidence/catalog/fixture-catalog-error.png	82957
apps/android/docs/evidence/catalog/fixture-catalog-large-text.png	188953
apps/android/docs/evidence/catalog/fixture-catalog-report.png	49562
apps/android/docs/evidence/catalog/fixture-catalog-saved.png	105524
apps/android/docs/evidence/catalog/fixture-context-picker.png	37343
apps/android/docs/evidence/catalog/jvm-summary.json	66
apps/android/docs/evidence/catalog/lint-summary.json	20
apps/android/docs/evidence/catalog/real-api-final.txt	76
apps/android/docs/evidence/catalog/real-catalog-api.txt	210
apps/android/docs/evidence/catalog/real-catalog-context.png	146525
apps/android/docs/evidence/catalog/real-catalog-detail.png	163801
apps/android/docs/evidence/catalog/real-catalog-discovery.png	157622
apps/android/docs/evidence/catalog/real-catalog-restarted.png	174965
apps/android/docs/evidence/catalog/real-catalog-saved.png	185896
apps/android/docs/evidence/catalog/real-catalog-self-report.png	180432
apps/android/docs/evidence/catalog/real-ui-final.txt	68
apps/android/docs/evidence/catalog/restart-final.txt	68
apps/android/docs/evidence/cross-platform-receive-summary.txt	76
apps/android/docs/evidence/cross-platform-send-summary.txt	76
apps/android/docs/evidence/dependency-registry.json	1153
apps/android/docs/evidence/device-summary.txt	114
apps/android/docs/evidence/lint-summary.json	2463
apps/android/docs/evidence/local-api-profile-ax.json	49722
apps/android/docs/evidence/local-api-profile-summary.txt	76
apps/android/docs/evidence/local-api-profile.png	147441
apps/android/docs/evidence/local-api-qr-ax.json	56144
apps/android/docs/evidence/local-api-qr-expanded.png	37002
apps/android/docs/evidence/local-api-qr.png	130058
apps/android/docs/evidence/local-api-reciprocal.png	145652
apps/android/docs/evidence/qr-expanded-ax.json	4720
apps/android/docs/evidence/reciprocal-ax.json	56157
apps/android/docs/evidence/ui-final/fixture-card-expanded.png	93303
apps/android/docs/evidence/ui-final/fixture-import.png	114859
apps/android/docs/evidence/ui-final/fixture-profile.png	101556
apps/android/docs/evidence/ui-final/fixture-qr.png	110946
apps/android/docs/evidence/ui-final/fixture-send-picker.png	94720
apps/android/docs/evidence/ui-final/fixture-wallet.png	86006
apps/android/docs/evidence/unit-summary.json	563
apps/android/docs/ponytail-review.md	1900
apps/android/evidence/calendar-timetable/build.txt	4768
apps/android/evidence/calendar-timetable/no-overlap.png	138474
apps/android/evidence/calendar-timetable/overlap.png	157298
apps/android/evidence/calendar-timetable/ui-tests.txt	73
apps/android/evidence/discovery-calendar/README.md	2732
apps/android/evidence/discovery-calendar/calendar.png	72966
apps/android/evidence/discovery-calendar/detail.png	144931
apps/android/evidence/discovery-calendar/discovery.png	107201
apps/android/evidence/selected-current-flow/activity-applied.png	758878
apps/android/evidence/selected-current-flow/activity-detail-bottom.png	130105
apps/android/evidence/selected-current-flow/activity-detail-schedule.png	159897
apps/android/evidence/selected-current-flow/activity-detail-top.png	769094
apps/android/evidence/selected-current-flow/build.txt	4684
apps/android/evidence/selected-current-flow/prototype-discovery.png	531474
apps/android/evidence/selected-current-flow/ui-tests.txt	73
apps/android/evidence/ui-prototype/README.md	660
apps/android/evidence/ui-prototype/application.png	87865
apps/android/evidence/ui-prototype/build.txt	4834
apps/android/evidence/ui-prototype/detail.png	111229
apps/android/evidence/ui-prototype/discovery.png	157984
apps/android/evidence/ui-prototype/lint.txt	1476
apps/android/evidence/ui-prototype/no-overlap.png	90347
apps/android/evidence/ui-prototype/overlap.png	121505
apps/android/evidence/ui-prototype/structure.txt	75
apps/android/evidence/ui-prototype/test-capture-build.txt	3610
apps/android/evidence/ui-prototype/ui-tests.txt	72
apps/android/evidence/ui-prototype/unit.xml	952
apps/android/evidence/visual-fidelity/README.md	7608
apps/android/evidence/visual-fidelity/after/app-discovery.png	121780
apps/android/evidence/visual-fidelity/after/app-editor.png	127685
apps/android/evidence/visual-fidelity/after/app-login-return-picker.png	126291
apps/android/evidence/visual-fidelity/after/app-profile.png	129111
apps/android/evidence/visual-fidelity/after/app-qr.png	102174
apps/android/evidence/visual-fidelity/after/app-scan.png	124581
apps/android/evidence/visual-fidelity/after/app-shared.png	84259
apps/android/evidence/visual-fidelity/after/app-wallet.png	138459
apps/android/evidence/visual-fidelity/after/fixture-catalog-applied.png	146399
apps/android/evidence/visual-fidelity/after/fixture-catalog-discovery.png	83936
apps/android/evidence/visual-fidelity/after/fixture-catalog-large-text.png	216740
apps/android/evidence/visual-fidelity/after/real-catalog-detail.png	137471
apps/android/evidence/visual-fidelity/after/real-catalog-discovery.png	127912
apps/android/evidence/visual-fidelity/after/real-catalog-restarted.png	144173
apps/android/evidence/visual-fidelity/after/real-catalog-self-report.png	214792
apps/android/evidence/visual-fidelity/after/visual-editor.png	143431
apps/android/evidence/visual-fidelity/after/visual-guest-profile.png	82005
apps/android/evidence/visual-fidelity/after/visual-new-card.png	111804
apps/android/evidence/visual-fidelity/after/visual-profile.png	149889
apps/android/evidence/visual-fidelity/after/visual-qr-share-menu.png	41877
apps/android/evidence/visual-fidelity/after/visual-qr.png	106739
apps/android/evidence/visual-fidelity/after/visual-send-picker.png	153797
apps/android/evidence/visual-fidelity/after/visual-shared-card.png	118323
apps/android/evidence/visual-fidelity/after/visual-shared-large-text.png	141478
apps/android/evidence/visual-fidelity/after/visual-shared-save-warning.png	48522
apps/android/evidence/visual-fidelity/after/visual-small-large-editor.png	94426
apps/android/evidence/visual-fidelity/after/visual-wallet-large-text.png	151332
apps/android/evidence/visual-fidelity/after/visual-wallet-swipe.png	135184
apps/android/evidence/visual-fidelity/after/visual-wallet.png	138617
apps/android/evidence/visual-fidelity/before/fixtures/fixture-catalog-applied.png	159035
apps/android/evidence/visual-fidelity/before/fixtures/fixture-catalog-discovery.png	101719
apps/android/evidence/visual-fidelity/before/fixtures/fixture-profile.png	101556
apps/android/evidence/visual-fidelity/before/fixtures/fixture-qr.png	124604
apps/android/evidence/visual-fidelity/before/fixtures/fixture-send-picker.png	119218
apps/android/evidence/visual-fidelity/before/fixtures/fixture-wallet.png	86006
apps/android/evidence/visual-fidelity/compare.html	1079
apps/android/evidence/visual-fidelity/comparison/detail.png	372848
apps/android/evidence/visual-fidelity/comparison/discovery.png	327938
apps/android/evidence/visual-fidelity/comparison/profile.png	295811
apps/android/evidence/visual-fidelity/comparison/qr.png	318912
apps/android/evidence/visual-fidelity/comparison/send.png	340005
apps/android/evidence/visual-fidelity/comparison/wallet.png	313412
apps/android/evidence/visual-fidelity/manifest.json	12832
